ID;Area;Priorità;Dispositivo;Contesto;Rotta;Componente;Azione;Esito atteso;Esito;Difetto osservato;Riferimento;Verifica automatica
QA-001;Resa sul dispositivo;alta;iPhone Safari 15.4-16.3;verticale;/;Programme;Aprire l’indirizzo e guardare cosa è a schermo;Si apre sulla serata 81, la prima futura non annullata, non in cima all’archivio;;;regola 10;
QA-002;Resa sul dispositivo;alta;iPhone Safari 15.4-16.3;verticale;/;Programme;Un flick verso l’alto;"Lo snap aggancia la serata 82 intera; non resta a metà fra due scene";;;regola 1;
QA-003;Resa sul dispositivo;media;iPhone Safari 15.4-16.3;verticale;/;Programme;Trascinare lentamente fino a metà scena e rilasciare;Atterra su una sola scena e non oscilla fra le due;;;regola 1;
QA-004;Resa sul dispositivo;alta;iPhone Safari 15.4-16.3;verticale;/81;Scene;Leggere il titolo della serata;Intero, non tagliato dal bordo né coperto dalla pillola della navigazione;;;PR 18;
QA-005;Resa sul dispositivo;alta;iPhone Safari 15.4-16.3;verticale;/81;Scene;Guardare la fotografia;La capsula inclinata sta nella sua fascia e non copre titolo né occhiello;;;PR 18;
QA-006;Resa sul dispositivo;media;iPhone Safari 15.4-16.3;verticale;/81;Scene;Leggere la riga della sede;Nome del luogo sopra, via e città sotto, su due righe distinte;;;regola 19;
QA-007;Resa sul dispositivo;alta;iPhone Safari 15.4-16.3;verticale;/81;Scene;Leggere la nota sotto i bottoni;Leggibile per intero, non tagliata dalla barra della Timeline;;;PR 18;
QA-008;Resa sul dispositivo;alta;iPhone Safari 15.4-16.3;verticale;/80;Scene;Guardare la serata annullata;Titolo e data barrati, la parola «annullata» leggibile sopra il titolo;;;PR 3;
QA-009;Resa sul dispositivo;media;iPhone Safari 15.4-16.3;verticale;/78;Scene;Guardare la descrizione su schermo corto;La descrizione cede prima della fotografia, che resta sempre;;;PR 18;
QA-010;Resa sul dispositivo;alta;iPhone Safari 15.4-16.3;verticale;/81;Button;Toccare «Prenota il posto»;Si apre il modale con la spiegazione, non direttamente WhatsApp;;;PR 12;
QA-011;Resa sul dispositivo;alta;iPhone Safari 15.4-16.3;verticale;/81;Modal;Leggere il pannello aperto;"Il testo sta dentro il pannello; se è lungo scorre il pannello e non la pagina";;;vincoli-tecnici;
QA-012;Resa sul dispositivo;alta;iPhone Safari 15.4-16.3;verticale;/81;Modal;Toccare la X di chiusura;Si chiude e la pagina è rimasta sulla serata 81;;;PR 12;
QA-013;Resa sul dispositivo;media;iPhone Safari 15.4-16.3;verticale;/81;Modal;Toccare il fondo scuro fuori dal pannello;Si chiude;;;PR 12;
QA-014;Resa sul dispositivo;alta;iPhone Safari 15.4-16.3;verticale;/78;Modal;Toccare «Rivedi la serata»;Il pannello porta il titolo della serata e le righe dei materiali;;;PR 12;
QA-015;Resa sul dispositivo;alta;iPhone Safari 15.4-16.3;verticale;/;Timeline;Guardare la barra in basso;La pillola piena è la serata a schermo;;;PR 11;
QA-016;Resa sul dispositivo;alta;iPhone Safari 15.4-16.3;verticale;/;Timeline;Scorrere la barra di lato fino alla serata 78;La barra scorre, ogni tacca porta la sua data, nessuna è un segno nudo;;;regola 14;
QA-017;Resa sul dispositivo;alta;iPhone Safari 15.4-16.3;verticale;/;Timeline;Toccare la tacca della serata 78;La pagina atterra sulla 78 subito, senza attraversare le serate in mezzo;;;regola 15;
QA-018;Resa sul dispositivo;alta;iPhone Safari 15.4-16.3;verticale;/;Timeline;Misurare la pillola con un dito;"Almeno 44 px di altezza; toccandone una non si colpisce quella accanto";;;PR 18;
QA-019;Resa sul dispositivo;alta;iPhone Safari 15.4-16.3;verticale;/;SiteNav;Leggere il marchio nella pillola in alto;La scritta «in Periferia» c’è per intero e si legge;;;regola 7;
QA-020;Resa sul dispositivo;alta;iPhone Safari 15.4-16.3;verticale;/;SiteNav;Toccare la tendina;"Si apre e mostra le quattro voci; il pannello non esce dal bordo dello schermo";;;regola 18;
QA-021;Resa sul dispositivo;media;iPhone Safari 15.4-16.3;verticale;/;SiteNav;Provare a toccare «Rassegna stampa»;Non è toccabile e si vede che non lo è: nessun cambio di stato;;;regola 18;
QA-022;Resa sul dispositivo;alta;iPhone Safari 15.4-16.3;verticale;/;CycleAccents;Passare dalla serata 81 (verde) alla 83 (turchese);L’accento del sito cambia una volta sola, senza lampeggiare sui colori intermedi;;;regola 12;
QA-023;Resa sul dispositivo;media;iPhone Safari 15.4-16.3;verticale;/;GuestRow;Guardare il ritratto di un relatore;Ritagliato a fiore, non un quadrato né un cerchio;;;regola 13;
QA-024;Resa sul dispositivo;media;iPhone Safari 15.4-16.3;verticale;/;Base;Guardare la linguetta e la barra del browser;"La favicon si legge; la barra è colorata come il sito (theme-color)";;;PR 19;
QA-025;Resa sul dispositivo;alta;iPhone recente (Safari 18+);verticale;/;Programme;Aprire l’indirizzo e guardare cosa è a schermo;Si apre sulla serata 81, la prima futura non annullata, non in cima all’archivio;;;regola 10;
QA-026;Resa sul dispositivo;alta;iPhone recente (Safari 18+);verticale;/;Programme;Un flick verso l’alto;"Lo snap aggancia la serata 82 intera; non resta a metà fra due scene";;;regola 1;
QA-027;Resa sul dispositivo;media;iPhone recente (Safari 18+);verticale;/;Programme;Trascinare lentamente fino a metà scena e rilasciare;Atterra su una sola scena e non oscilla fra le due;;;regola 1;
QA-028;Resa sul dispositivo;alta;iPhone recente (Safari 18+);verticale;/81;Scene;Leggere il titolo della serata;Intero, non tagliato dal bordo né coperto dalla pillola della navigazione;;;PR 18;
QA-029;Resa sul dispositivo;alta;iPhone recente (Safari 18+);verticale;/81;Scene;Guardare la fotografia;La capsula inclinata sta nella sua fascia e non copre titolo né occhiello;;;PR 18;
QA-030;Resa sul dispositivo;media;iPhone recente (Safari 18+);verticale;/81;Scene;Leggere la riga della sede;Nome del luogo sopra, via e città sotto, su due righe distinte;;;regola 19;
QA-031;Resa sul dispositivo;alta;iPhone recente (Safari 18+);verticale;/81;Scene;Leggere la nota sotto i bottoni;Leggibile per intero, non tagliata dalla barra della Timeline;;;PR 18;
QA-032;Resa sul dispositivo;alta;iPhone recente (Safari 18+);verticale;/80;Scene;Guardare la serata annullata;Titolo e data barrati, la parola «annullata» leggibile sopra il titolo;;;PR 3;
QA-033;Resa sul dispositivo;media;iPhone recente (Safari 18+);verticale;/78;Scene;Guardare la descrizione su schermo corto;La descrizione cede prima della fotografia, che resta sempre;;;PR 18;
QA-034;Resa sul dispositivo;alta;iPhone recente (Safari 18+);verticale;/81;Button;Toccare «Prenota il posto»;Si apre il modale con la spiegazione, non direttamente WhatsApp;;;PR 12;
QA-035;Resa sul dispositivo;alta;iPhone recente (Safari 18+);verticale;/81;Modal;Leggere il pannello aperto;"Il testo sta dentro il pannello; se è lungo scorre il pannello e non la pagina";;;vincoli-tecnici;
QA-036;Resa sul dispositivo;alta;iPhone recente (Safari 18+);verticale;/81;Modal;Toccare la X di chiusura;Si chiude e la pagina è rimasta sulla serata 81;;;PR 12;
QA-037;Resa sul dispositivo;media;iPhone recente (Safari 18+);verticale;/81;Modal;Toccare il fondo scuro fuori dal pannello;Si chiude;;;PR 12;
QA-038;Resa sul dispositivo;alta;iPhone recente (Safari 18+);verticale;/78;Modal;Toccare «Rivedi la serata»;Il pannello porta il titolo della serata e le righe dei materiali;;;PR 12;
QA-039;Resa sul dispositivo;alta;iPhone recente (Safari 18+);verticale;/;Timeline;Guardare la barra in basso;La pillola piena è la serata a schermo;;;PR 11;
QA-040;Resa sul dispositivo;alta;iPhone recente (Safari 18+);verticale;/;Timeline;Scorrere la barra di lato fino alla serata 78;La barra scorre, ogni tacca porta la sua data, nessuna è un segno nudo;;;regola 14;
QA-041;Resa sul dispositivo;alta;iPhone recente (Safari 18+);verticale;/;Timeline;Toccare la tacca della serata 78;La pagina atterra sulla 78 subito, senza attraversare le serate in mezzo;;;regola 15;
QA-042;Resa sul dispositivo;alta;iPhone recente (Safari 18+);verticale;/;Timeline;Misurare la pillola con un dito;"Almeno 44 px di altezza; toccandone una non si colpisce quella accanto";;;PR 18;
QA-043;Resa sul dispositivo;alta;iPhone recente (Safari 18+);verticale;/;SiteNav;Leggere il marchio nella pillola in alto;La scritta «in Periferia» c’è per intero e si legge;;;regola 7;
QA-044;Resa sul dispositivo;alta;iPhone recente (Safari 18+);verticale;/;SiteNav;Toccare la tendina;"Si apre e mostra le quattro voci; il pannello non esce dal bordo dello schermo";;;regola 18;
QA-045;Resa sul dispositivo;media;iPhone recente (Safari 18+);verticale;/;SiteNav;Provare a toccare «Rassegna stampa»;Non è toccabile e si vede che non lo è: nessun cambio di stato;;;regola 18;
QA-046;Resa sul dispositivo;alta;iPhone recente (Safari 18+);verticale;/;CycleAccents;Passare dalla serata 81 (verde) alla 83 (turchese);L’accento del sito cambia una volta sola, senza lampeggiare sui colori intermedi;;;regola 12;
QA-047;Resa sul dispositivo;media;iPhone recente (Safari 18+);verticale;/;GuestRow;Guardare il ritratto di un relatore;Ritagliato a fiore, non un quadrato né un cerchio;;;regola 13;
QA-048;Resa sul dispositivo;media;iPhone recente (Safari 18+);verticale;/;Base;Guardare la linguetta e la barra del browser;"La favicon si legge; la barra è colorata come il sito (theme-color)";;;PR 19;
QA-049;Resa sul dispositivo;alta;Android Chrome recente;verticale;/;Programme;Aprire l’indirizzo e guardare cosa è a schermo;Si apre sulla serata 81, non in cima all’archivio;OK;;regola 10;
QA-050;Resa sul dispositivo;alta;Android Chrome recente;verticale;/;Programme;Un flick verso l’alto;Lo snap aggancia la serata intera;OK;;regola 1;
QA-051;Resa sul dispositivo;alta;Android Chrome recente;verticale;/81;Scene;Guardare titolo, foto e nota insieme;Nessuno dei tre è tagliato o coperto;OK;;PR 18;
QA-052;Resa sul dispositivo;alta;Android Chrome recente;verticale;/81;Button;Toccare «Prenota il posto»;Si apre il modale;OK;;PR 12;
QA-053;Resa sul dispositivo;alta;Android Chrome recente;verticale;/81;Modal;Chiudere con la X;Si chiude e la pagina resta sulla serata 81;OK;;PR 12;
QA-054;Resa sul dispositivo;alta;Android Chrome recente;verticale;/;Timeline;Scorrere la barra fino alla 78 e toccarla;La barra scorre e la pagina atterra sulla 78;OK;;regola 14;
QA-055;Resa sul dispositivo;media;Android Chrome recente;verticale;/;SiteNav;Aprire la tendina;Si apre e mostra le quattro voci;OK;;regola 18;
QA-056;Resa sul dispositivo;alta;Android Chrome recente;verticale;/;SiteNav;Leggere il marchio;«in Periferia» c’è per intero;OK;;regola 7;
QA-057;Resa sul dispositivo;media;Android Chrome recente;verticale;/chi-siamo;pages.css;Scorrere la pagina fino in fondo;Nessuno scorrimento orizzontale, nessun blocco tagliato;OK;;PR 13;
QA-058;Resa sul dispositivo;media;Android Chrome recente;verticale;/78;Scene;Aprire «Rivedi la serata»;Il pannello porta le righe dei materiali;OK;;PR 12;
QA-059;Resa sul dispositivo;alta;Android di 4 anni (Chrome);verticale;/;Programme;Aprire l’indirizzo e guardare cosa è a schermo;Si apre sulla serata 81, non in cima all’archivio;OK;;regola 10;Provata su un Google Pixel (modello da registrare).
QA-060;Resa sul dispositivo;alta;Android di 4 anni (Chrome);verticale;/;Programme;Un flick verso l’alto;Lo snap aggancia la serata intera;OK;;regola 1;Provata su un Google Pixel (modello da registrare).
QA-061;Resa sul dispositivo;alta;Android di 4 anni (Chrome);verticale;/81;Scene;Guardare titolo, foto e nota insieme;Nessuno dei tre è tagliato o coperto;OK;;PR 18;Provata su un Google Pixel (modello da registrare).
QA-062;Resa sul dispositivo;alta;Android di 4 anni (Chrome);verticale;/81;Button;Toccare «Prenota il posto»;Si apre il modale;OK;;PR 12;Provata su un Google Pixel (modello da registrare).
QA-063;Resa sul dispositivo;alta;Android di 4 anni (Chrome);verticale;/81;Modal;Chiudere con la X;Si chiude e la pagina resta sulla serata 81;OK;;PR 12;Provata su un Google Pixel (modello da registrare).
QA-064;Resa sul dispositivo;alta;Android di 4 anni (Chrome);verticale;/;Timeline;Scorrere la barra fino alla 78 e toccarla;La barra scorre e la pagina atterra sulla 78;OK;;regola 14;Provata su un Google Pixel (modello da registrare).
QA-065;Resa sul dispositivo;media;Android di 4 anni (Chrome);verticale;/;SiteNav;Aprire la tendina;Si apre e mostra le quattro voci;OK;;regola 18;Provata su un Google Pixel (modello da registrare).
QA-066;Resa sul dispositivo;alta;Android di 4 anni (Chrome);verticale;/;SiteNav;Leggere il marchio;«in Periferia» c’è per intero;OK;;regola 7;Provata su un Google Pixel (modello da registrare).
QA-067;Resa sul dispositivo;media;Android di 4 anni (Chrome);verticale;/chi-siamo;pages.css;Scorrere la pagina fino in fondo;Nessuno scorrimento orizzontale, nessun blocco tagliato;OK;;PR 13;Provata su un Google Pixel (modello da registrare).
QA-068;Resa sul dispositivo;media;Android di 4 anni (Chrome);verticale;/78;Scene;Aprire «Rivedi la serata»;Il pannello porta le righe dei materiali;OK;;PR 12;Provata su un Google Pixel (modello da registrare).
QA-069;Soglia dei browser;alta;iPhone Safari 15.4-16.3;verticale;/;Programme;Guardare se il layout è quello del telefono o quello del desktop;Layout a una colonna: le media query si applicano, quindi il minificatore non ha riscritto la sintassi range;;;checkMediaRangeSyntax;
QA-070;Soglia dei browser;alta;iPhone Safari 15.4-16.3;verticale;/;Programme;Scorrere con la barra di Safari mostrata e poi ritratta;La scena resta alta quanto lo schermo e le posizioni di snap non saltano (svh, non dvh);;;regola 5;
QA-071;Soglia dei browser;alta;iPhone Safari 15.4-16.3;verticale;/81;Modal;Toccare «Prenota il posto»;"Il modale si apre; se <dialog> non c’è, al suo posto compare il link diretto e non un bottone morto";;;PR 12;
QA-072;Soglia dei browser;media;iPhone Safari 15.4-16.3;verticale;/;Timeline;Guardare lo sfondo della barra in basso;La barra è velata e leggibile: il -webkit-backdrop-filter è quello che risponde qui;;;Timeline.astro;
QA-073;Soglia dei browser;media;iPhone Safari 15.4-16.3;verticale;/;Scene;Scorrere venti serate di seguito;Nessuno scatto: senza content-visibility la pagina resta comunque fluida;;;Scene.astro;
QA-074;Soglia dei browser;media;iPhone Safari 15.4-16.3;verticale;/81;Scene;Guardare la descrizione tagliata a tre righe;Il taglio funziona e non lascia una riga a metà;;;Scene.astro;
QA-075;Soglia dei browser;alta;Android di 4 anni (Chrome);verticale;/;Programme;Scorrere dieci serate di seguito;Nessun rallentamento percepibile su un telefono di quattro anni;OK;;piano PR 19;Eseguita su un Google Pixel, modello ancora da registrare: le righe di questo gruppo sono scritte per un telefono di quattro anni, quindi finché il modello non è scritto questa resta una prova su un dispositivo vicino, non su quello richiesto.
QA-076;Orizzontale su telefono;alta;iPhone recente (Safari 18+);orizzontale;/81;Scene;Ruotare il telefono e guardare la scena;Titolo, data, sede, bottoni e nota sono tutti a schermo;;;piano PR 19;
QA-077;Orizzontale su telefono;alta;iPhone recente (Safari 18+);orizzontale;/81;Scene;Guardare la fotografia in orizzontale;La foto non schiaccia il testo né esce dalla sua fascia;;;piano PR 19;
QA-078;Orizzontale su telefono;alta;iPhone recente (Safari 18+);orizzontale;/;Timeline;Guardare la barra in basso in orizzontale;La barra non copre la nota né i bottoni della scena;;;piano PR 19;
QA-079;Orizzontale su telefono;alta;iPhone recente (Safari 18+);orizzontale;/;SiteNav;Guardare la pillola in alto in orizzontale;Non copre il titolo della serata;;;piano PR 19;
QA-080;Orizzontale su telefono;media;iPhone recente (Safari 18+);orizzontale;/78;Scene;Guardare la serata con i materiali in orizzontale;Il bottone «Rivedi la serata» è raggiungibile senza scorrere la scena;;;vincoli-tecnici;
QA-081;Orizzontale su telefono;media;iPhone recente (Safari 18+);orizzontale;/81;Modal;Aprire il modale in orizzontale;Il pannello sta nello schermo e la X non finisce fuori dal bordo;;;Modal.astro;
QA-082;Orizzontale su telefono;media;iPhone recente (Safari 18+);orizzontale;/chi-siamo;pages.css;Scorrere la pagina in orizzontale;Le colonne si ricompongono, niente scorrimento laterale;;;PR 13;
QA-083;Orizzontale su telefono;media;iPhone recente (Safari 18+);orizzontale;/;Programme;Ruotare mentre si è sulla serata 82;Dopo la rotazione si è ancora sulla 82 e non su un’altra;;;regola 1;
QA-084;Orizzontale su telefono;alta;Android Chrome recente;orizzontale;/81;Scene;Ruotare il telefono e guardare la scena;Titolo, data, sede, bottoni e nota sono tutti a schermo;No;E' tutto tagliato per ora. Ci interessa oppure e' out of scope?;piano PR 19;A 800x360 il riquadro del testo è alto 141 px e il suo contenuto ne chiede 314: 173 px vengono ritagliati e sono invisibili. Non è un problema di misure ma di composizione, come dice il piano.
QA-085;Orizzontale su telefono;alta;Android Chrome recente;orizzontale;/81;Scene;Guardare la fotografia in orizzontale;La foto non schiaccia il testo né esce dalla sua fascia;Ok;La foto e' minuscola;piano PR 19;Misurata: la cornice della foto è alta 51 px a 800x360, contro i 188 px a 375x812.
QA-086;Orizzontale su telefono;alta;Android Chrome recente;orizzontale;/;Timeline;Guardare la barra in basso in orizzontale;La barra non copre la nota né i bottoni della scena;OK;;piano PR 19;
QA-087;Orizzontale su telefono;alta;Android Chrome recente;orizzontale;/;SiteNav;Guardare la pillola in alto in orizzontale;Non copre il titolo della serata;OK;;piano PR 19;
QA-088;Orizzontale su telefono;media;Android Chrome recente;orizzontale;/78;Scene;Guardare la serata con i materiali in orizzontale;Il bottone «Rivedi la serata» è raggiungibile senza scorrere la scena;No;Il bottone non si vede;vincoli-tecnici;Il blocco dei bottoni cade 172 px oltre il bordo inferiore del riquadro di testo, cioè dentro la parte ritagliata.
QA-089;Orizzontale su telefono;media;Android Chrome recente;orizzontale;/81;Modal;Aprire il modale in orizzontale;Il pannello sta nello schermo e la X non finisce fuori dal bordo;No;Pannello del modale irrangiungibile;Modal.astro;Stessa causa di QA-088: il bottone che apre il modale sta fra i 172 px ritagliati, quindi il pannello non è raggiungibile perché non lo è il suo comando.
QA-090;Orizzontale su telefono;media;Android Chrome recente;orizzontale;/chi-siamo;pages.css;Scorrere la pagina in orizzontale;Le colonne si ricompongono, niente scorrimento laterale;OK;;PR 13;
QA-091;Orizzontale su telefono;media;Android Chrome recente;orizzontale;/;Programme;Ruotare mentre si è sulla serata 82;Dopo la rotazione si è ancora sulla 82 e non su un’altra;OK;;regola 1;
QA-092;Resa sul desktop;alta;Desktop Chrome (Windows);1280x800;/;Programme;Aprire l’indirizzo;Si apre sulla serata 81, già disegnata lì: nessun salto visibile dopo il primo disegno;OK;;Programme.astro;
QA-093;Resa sul desktop;alta;Desktop Chrome (Windows);1280x800;/;Programme;Un colpo di rotella;"Passa a una serata sola e aggancia; la rotella non spinge due scene in una volta";OK;;regola 1;
QA-094;Resa sul desktop;alta;Desktop Chrome (Windows);1280x800;/;Programme;Uno scorrimento con il trackpad a due dita;Aggancia senza combattere il gesto: nessun rimbalzo fra due scene;OK, ma il trackpad scorre piu' scene;;regola 1;
QA-095;Resa sul desktop;media;Desktop Chrome (Windows);1280x800;/;Programme;Passare la rotella sopra la pillola della navigazione;Il programma scorre lo stesso: la pillola non è una zona morta;OK;;SiteNav.astro;
QA-096;Resa sul desktop;media;Desktop Chrome (Windows);1280x800;/;Programme;Passare la rotella sopra la rotaia della Timeline;Il programma scorre lo stesso;OK;;Timeline.astro;
QA-097;Resa sul desktop;alta;Desktop Chrome (Windows);1280x800;/;Timeline;Guardare la rotaia a destra;"Tutte le serate hanno una tacca; le vicine portano la data, le lontane sono segni";OK;Abbiamo solo 5 serate, tutte con data;regola 14;
QA-098;Resa sul desktop;alta;Desktop Chrome (Windows);1280x800;/;Timeline;Cliccare la tacca della serata 78;Atterra sulla 78 subito e l’indirizzo diventa /78;OK;Diventa /78#serata-78;regola 16;
QA-099;Resa sul desktop;alta;Desktop Chrome (Windows);1280x800;/;Timeline;Cliccare due tacche lontane a due decimi di distanza;"Atterra sulla seconda; rotaia, accento e indirizzo dicono la stessa serata";OK;Manca l'animazione dello scorrimento;regola 15;
QA-100;Resa sul desktop;alta;Desktop Chrome (Windows);1280x800;/81;Scene;Leggere la scena intera;Il testo non passa sotto la rotaia della Timeline;OK;;Scene.astro;
QA-101;Resa sul desktop;alta;Desktop Chrome (Windows);1280x800;/81;Modal;Aprire «Prenota il posto» e chiudere con Esc;Si apre, Esc chiude, il fuoco torna sul bottone;OK;;PR 12;
QA-102;Resa sul desktop;media;Desktop Chrome (Windows);1280x800;/81;Modal;Guardare il bordo superiore del pannello;È del colore del ciclo della serata da cui è stato aperto, non arancio;OK;;regola 12;
QA-103;Resa sul desktop;alta;Desktop Chrome (Windows);1280x800;/;SiteNav;Guardare la riga delle voci;"Quattro voci in riga; la voce della pagina corrente è evidenziata";OK;;regola 18;
QA-104;Resa sul desktop;alta;Desktop Chrome (Windows);1280x800;/;CycleAccents;Scorrere dalla 81 alla 83;L’accento della rotaia e della navigazione segue la serata a schermo;OK;;regola 12;
QA-105;Resa sul desktop;alta;Desktop Chrome (Windows);1280x800;/;Programme;Scorrere di dieci serate e premere il tasto indietro;Si esce dal sito: la cronologia non ha una voce per serata attraversata;No;Si torna al link /x precedente;regola 16;Confermato: il click su una tacca aggiunge una voce di cronologia — history.length passa da 2 a 3. È il difetto ereditato dalla PR 18, già scritto nel verbale.
QA-106;Resa sul desktop;alta;Desktop Chrome (Windows);1280x800;/;Programme;Ricaricare mentre si è a metà archivio;La pagina torna dove era o sulla serata dell’indirizzo: il ripristino del browser e il salto dello script non litigano;OK;;piano PR 19;
QA-107;Resa sul desktop;media;Desktop Chrome (Windows);1280x800;/81;Scene;Selezionare e copiare due righe della descrizione;La selezione funziona e non fa scorrere la scena;OK;;piano PR 19;
QA-108;Resa sul desktop;media;Desktop Chrome (Windows);1280x800;/componenti;Rassegna;Scorrere la rassegna dei componenti;Ogni componente rende in tutte le sue varianti;OK;Ok, ma non deve esserci in prod;PR 6;
QA-109;Resa sul desktop;alta;Desktop Firefox (Windows);1280x800;/;Programme;Aprire l’indirizzo;Si apre sulla serata 81, già disegnata lì: nessun salto visibile dopo il primo disegno;OK;;Programme.astro;Gecko 153: si apre sulla serata 81 con scrollTop 1600 su scene da 800 px, cioè esattamente sulla terza
QA-110;Resa sul desktop;alta;Desktop Firefox (Windows);1280x800;/;Programme;Un colpo di rotella;"Passa a una serata sola e aggancia; la rotella non spinge due scene in una volta";No, da confermare a mano;Un evento di rotella porta dalla 81 alla 83: salta una serata;regola 1;"Provato con tre ampiezze diverse — 40, 57 e 114 px — e tutte e tre atterrano sulla 83. Il gesto è sintetico, quindi va confermato con una rotella vera; ma va nella stessa direzione del «il trackpad scorre più scene» annotato su Chrome in QA-094"
QA-111;Resa sul desktop;alta;Desktop Firefox (Windows);1280x800;/;Programme;Uno scorrimento con il trackpad a due dita;Aggancia senza combattere il gesto: nessun rimbalzo fra due scene;OK;;regola 1;Tre spinte brevi da 120 px di seguito: si ferma agganciata, scrollTop multiplo esatto dell’altezza di scena
QA-112;Resa sul desktop;media;Desktop Firefox (Windows);1280x800;/;Programme;Passare la rotella sopra la pillola della navigazione;Il programma scorre lo stesso: la pillola non è una zona morta;OK;;SiteNav.astro;Rotella a x=640 y=30, sopra la pillola della navigazione: il programma scorre
QA-113;Resa sul desktop;media;Desktop Firefox (Windows);1280x800;/;Programme;Passare la rotella sopra la rotaia della Timeline;Il programma scorre lo stesso;No;La rotella sopra una tacca della rotaia non muove il programma. Fra una tacca e l’altra invece scorre;Timeline.astro;Misurato ai due punti: sopra la tacca corrente lo scrollTop non cambia, sulla rotaia a y=80 cambia. La causa è nel CSS: la colonna ha pointer-events: none e le tacche lo rimettono a auto, così una tacca cattura la rotella e cerca un antenato scrollabile — la rotaia non scorre in verticale, e il documento è alto uno schermo. È la trappola che il commento di Timeline.astro descrive, non richiusa per le tacche
QA-114;Resa sul desktop;alta;Desktop Firefox (Windows);1280x800;/;Timeline;Guardare la rotaia a destra;"Tutte le serate hanno una tacca; le vicine portano la data, le lontane sono segni";OK;;regola 14;Cinque tacche, tutte con la data, una sola con aria-current, rotaia verticale a destra
QA-115;Resa sul desktop;alta;Desktop Firefox (Windows);1280x800;/;Timeline;Cliccare la tacca della serata 78;Atterra sulla 78 subito e l’indirizzo diventa /78;OK;;regola 16;Atterra sulla 78, indirizzo /78#serata-78, accento del ciclo 2
QA-116;Resa sul desktop;alta;Desktop Firefox (Windows);1280x800;/;Timeline;Cliccare due tacche lontane a due decimi di distanza;"Atterra sulla seconda; rotaia, accento e indirizzo dicono la stessa serata";OK;;regola 15;Due click a due decimi di distanza: scena 83, indirizzo /83, accento 6, tacca corrente all’indice 4 — le quattro cose concordano
QA-117;Resa sul desktop;alta;Desktop Firefox (Windows);1280x800;/81;Scene;Leggere la scena intera;Il testo non passa sotto la rotaia della Timeline;OK;;Scene.astro;"Sotto la rotaia passa solo la cornice della fotografia; nessuna parte di testo — vedi QA-238 per la foto"
QA-118;Resa sul desktop;alta;Desktop Firefox (Windows);1280x800;/81;Modal;Aprire «Prenota il posto» e chiudere con Esc;Si apre, Esc chiude, il fuoco torna sul bottone;OK;;PR 12;Si apre, Esc chiude, il fuoco torna sul bottone che lo ha aperto
QA-119;Resa sul desktop;media;Desktop Firefox (Windows);1280x800;/81;Modal;Guardare il bordo superiore del pannello;È del colore del ciclo della serata da cui è stato aperto, non arancio;OK;;regola 12;"Il pannello prende data-cycle=""3"" e il bordo superiore è rgb(59, 170, 115), il verde del ciclo"
QA-120;Resa sul desktop;alta;Desktop Firefox (Windows);1280x800;/;SiteNav;Guardare la riga delle voci;"Quattro voci in riga; la voce della pagina corrente è evidenziata";OK;;regola 18;"Quattro voci in riga con la tendina a display:none; su /chi-siamo è evidenziata «Chi siamo»"
QA-121;Resa sul desktop;alta;Desktop Firefox (Windows);1280x800;/;CycleAccents;Scorrere dalla 81 alla 83;L’accento della rotaia e della navigazione segue la serata a schermo;OK;;regola 12;Scorrendo dalla 81 alla 83 l’accento del documento passa da 3 a 6
QA-122;Resa sul desktop;alta;Desktop Firefox (Windows);1280x800;/;Programme;Scorrere di dieci serate e premere il tasto indietro;Si esce dal sito: la cronologia non ha una voce per serata attraversata;OK;;regola 16;In una scheda pulita, quattro serate scorse: la cronologia resta a una voce sola e l’indirizzo arriva a /83. Lo scorrimento non impila, come vuole la regola 16
QA-123;Resa sul desktop;alta;Desktop Firefox (Windows);1280x800;/;Programme;Ricaricare mentre si è a metà archivio;La pagina torna dove era o sulla serata dell’indirizzo: il ripristino del browser e il salto dello script non litigano;OK;;piano PR 19;Ricaricando su /83 si torna sulla 83
QA-124;Resa sul desktop;media;Desktop Firefox (Windows);1280x800;/81;Scene;Selezionare e copiare due righe della descrizione;La selezione funziona e non fa scorrere la scena;OK;;piano PR 19;"La descrizione ha 217 caratteri e la selezione li restituisce tutti (user-select: auto); la scena non si muove"
QA-125;Resa sul desktop;media;Desktop Firefox (Windows);1280x800;/componenti;Rassegna;Scorrere la rassegna dei componenti;Ogni componente rende in tutte le sue varianti;OK;;PR 6;Nove sezioni rese, nessuna vuota, nessuno scorrimento orizzontale
QA-126;Resa sul desktop;alta;Desktop Safari (macOS);1280x800;/;Programme;Aprire l’indirizzo;Si apre sulla serata 81, già disegnata lì: nessun salto visibile dopo il primo disegno;;;Programme.astro;
QA-127;Resa sul desktop;alta;Desktop Safari (macOS);1280x800;/;Programme;Un colpo di rotella;"Passa a una serata sola e aggancia; la rotella non spinge due scene in una volta";;;regola 1;
QA-128;Resa sul desktop;alta;Desktop Safari (macOS);1280x800;/;Programme;Uno scorrimento con il trackpad a due dita;Aggancia senza combattere il gesto: nessun rimbalzo fra due scene;;;regola 1;
QA-129;Resa sul desktop;media;Desktop Safari (macOS);1280x800;/;Programme;Passare la rotella sopra la pillola della navigazione;Il programma scorre lo stesso: la pillola non è una zona morta;;;SiteNav.astro;
QA-130;Resa sul desktop;media;Desktop Safari (macOS);1280x800;/;Programme;Passare la rotella sopra la rotaia della Timeline;Il programma scorre lo stesso;;;Timeline.astro;
QA-131;Resa sul desktop;alta;Desktop Safari (macOS);1280x800;/;Timeline;Guardare la rotaia a destra;"Tutte le serate hanno una tacca; le vicine portano la data, le lontane sono segni";;;regola 14;
QA-132;Resa sul desktop;alta;Desktop Safari (macOS);1280x800;/;Timeline;Cliccare la tacca della serata 78;Atterra sulla 78 subito e l’indirizzo diventa /78;;;regola 16;
QA-133;Resa sul desktop;alta;Desktop Safari (macOS);1280x800;/;Timeline;Cliccare due tacche lontane a due decimi di distanza;"Atterra sulla seconda; rotaia, accento e indirizzo dicono la stessa serata";;;regola 15;
QA-134;Resa sul desktop;alta;Desktop Safari (macOS);1280x800;/81;Scene;Leggere la scena intera;Il testo non passa sotto la rotaia della Timeline;;;Scene.astro;
QA-135;Resa sul desktop;alta;Desktop Safari (macOS);1280x800;/81;Modal;Aprire «Prenota il posto» e chiudere con Esc;Si apre, Esc chiude, il fuoco torna sul bottone;;;PR 12;
QA-136;Resa sul desktop;media;Desktop Safari (macOS);1280x800;/81;Modal;Guardare il bordo superiore del pannello;È del colore del ciclo della serata da cui è stato aperto, non arancio;;;regola 12;
QA-137;Resa sul desktop;alta;Desktop Safari (macOS);1280x800;/;SiteNav;Guardare la riga delle voci;"Quattro voci in riga; la voce della pagina corrente è evidenziata";;;regola 18;
QA-138;Resa sul desktop;alta;Desktop Safari (macOS);1280x800;/;CycleAccents;Scorrere dalla 81 alla 83;L’accento della rotaia e della navigazione segue la serata a schermo;;;regola 12;
QA-139;Resa sul desktop;alta;Desktop Safari (macOS);1280x800;/;Programme;Scorrere di dieci serate e premere il tasto indietro;Si esce dal sito: la cronologia non ha una voce per serata attraversata;;;regola 16;
QA-140;Resa sul desktop;alta;Desktop Safari (macOS);1280x800;/;Programme;Ricaricare mentre si è a metà archivio;La pagina torna dove era o sulla serata dell’indirizzo: il ripristino del browser e il salto dello script non litigano;;;piano PR 19;
QA-141;Resa sul desktop;media;Desktop Safari (macOS);1280x800;/81;Scene;Selezionare e copiare due righe della descrizione;La selezione funziona e non fa scorrere la scena;;;piano PR 19;
QA-142;Resa sul desktop;media;Desktop Safari (macOS);1280x800;/componenti;Rassegna;Scorrere la rassegna dei componenti;Ogni componente rende in tutte le sue varianti;;;PR 6;
QA-143;Resa sul desktop;alta;Desktop Firefox (Windows);1280x800;/;Programme;Premere Freccia giù, PagGiù, Fine, Home, Freccia su;Ogni tasto sposta di una serata, Home e Fine agli estremi: il comportamento documentato come diverso in Firefox è stato verificato;OK;;vincoli-tecnici;Freccia giù → 82, PagGiù → 83, Fine → 83, Home → 78, Freccia su → 78: ogni tasto sposta di una serata e gli estremi si fermano
QA-144;Resa sul desktop;alta;Desktop Safari (macOS);1280x800;/;Programme;Premere Tab dopo il salta-a e poi Freccia giù;Lo scroller prende il fuoco e le frecce muovono il programma;;;Programme.astro;
QA-145;Resa sul desktop;media;Desktop Chrome (Windows);1280x800;/;Programme;Guardare la barra di scorrimento del programma;Non c’è una barra chiara su fondo blu: color-scheme è dichiarato;Non ho capito;;piano PR 19;La domanda era mal posta, ed è per questo che non si capisce: lo scroller nasconde la propria barra (scrollbar-width: none), quindi non c’è niente da guardare. Quello che manca davvero è la dichiarazione color-scheme, che nel CSS pubblicato non compare: vale per i controlli di sistema, non per questa barra.
QA-146;Formati;alta;Desktop Chrome (Windows);320 px di larghezza;/;Scene;Restringere la finestra a 320 px e leggere la scena;Niente scorrimento orizzontale, nessun testo tagliato;OK;"La serata 78 rimane leggermente tagliata, a casua del ""gia' svolta""";piano PR 19;
QA-147;Formati;alta;Desktop Chrome (Windows);320 px di larghezza;/;SiteNav;Guardare la pillola a 320 px;Il marchio esteso resta leggibile: l’altezza si riduce, la firma non si taglia;OK;;regola 7;
QA-148;Formati;alta;Desktop Chrome (Windows);320 px di larghezza;/;Timeline;Guardare la barra a 320 px;Le pillole restano toccabili e la barra scorre;OK;;PR 11;
QA-149;Formati;media;Desktop Chrome (Windows);320 px di larghezza;/contatti;pages.css;Leggere la riga di contatto WhatsApp;Il numero non manda a capo in mezzo alle cifre;OK;;regola 17;
QA-150;Formati;alta;Desktop Chrome (Windows);finestra alta 500 px;/81;Scene;Ridurre l’altezza della finestra a 500 px;La descrizione cede, il resto resta leggibile, niente esce dalla scena;No;Molti elementi escono dalla scena in basso;Scene.astro;Misurato a 1280x500: la nota e i bottoni escono di 26 px dal fondo della scena, la foto di 42. La causa: sopra i 900 px di larghezza non esiste nessuna soglia che tolga la descrizione — sul telefono sparisce sotto i 760 px di altezza — e .scene-text non ha overflow: hidden, quindi il contenuto esce invece di essere ritagliato.
QA-151;Formati;media;Desktop Chrome (Windows);finestra alta 500 px;/81;Modal;Aprire il modale con la finestra bassa;"Il pannello sta dentro e scorre; la X resta raggiungibile";OK;;Modal.astro;
QA-152;Formati;media;Desktop Chrome (Windows);ultrawide (>=2560);/81;Scene;Aprire la scena su uno schermo ultrawide;"Il testo non si allarga oltre la misura di lettura; la foto resta proporzionata";OK;;PR 18;
QA-153;Formati;media;Desktop Chrome (Windows);ultrawide (>=2560);/chi-siamo;pages.css;Leggere una colonna di prosa;La riga resta sotto i 75 caratteri;OK;;piano PR 19;
QA-154;Formati;media;Desktop Chrome (Windows);1280x800;/;Programme;Ridimensionare la finestra mentre si è sulla serata 82;Dopo il ridimensionamento si è ancora sulla 82;OK;;regola 1;
QA-155;Formati;alta;iPad (Safari);verticale (820 px);/;SiteNav;Guardare quale delle due navigazioni compare;A 820 px compare la tendina del telefono, e funziona;OK;;regola 18;
QA-156;Formati;alta;iPad (Safari);orizzontale (1180 px);/;SiteNav;Ruotare e riguardare la navigazione;A 1180 px compare la riga di voci, e funziona;OK;;regola 18;
QA-157;Formati;alta;iPad (Safari);orizzontale (1180 px);/;Timeline;Guardare dove sta la Timeline;Rotaia verticale a destra, non barra in basso;OK;;PR 11;
QA-158;Formati;media;iPad (Safari);verticale (820 px);/81;Scene;Leggere la scena;Impaginazione a una colonna, niente coperto;OK;;PR 18;
QA-159;Formati;media;iPad (Safari);orizzontale (1180 px);/81;Scene;Leggere la scena;Impaginazione a due colonne, il testo non passa sotto la rotaia;OK;;Scene.astro;
QA-160;Formati;media;iPad (Safari);verticale (820 px);/81;Modal;Aprire e chiudere il modale con un tocco fuori;Si apre e si chiude;OK;;PR 12;
QA-161;Formati;media;iPad (Safari);orizzontale (1180 px);/;Programme;Uno scorrimento con due dita;Lo snap aggancia una serata sola;;;regola 1;
QA-162;Impostazioni;alta;Desktop Chrome (Windows);zoom del browser 200%;/81;Scene;Portare lo zoom al 200% e leggere la scena;Nessuno scorrimento orizzontale, niente tagliato;OK;;piano PR 19;
QA-163;Impostazioni;alta;Desktop Chrome (Windows);zoom del browser 200%;/;Timeline;Guardare la rotaia al 200%;Le tacche restano leggibili e cliccabili;OK;;PR 11;
QA-164;Impostazioni;alta;Desktop Chrome (Windows);zoom del browser 400%;/81;Scene;Portare lo zoom al 400%;Il contenuto si ricompone su una colonna e resta raggiungibile;OK;Diventa mobile (illegibile);piano PR 19;
QA-165;Impostazioni;alta;Desktop Chrome (Windows);zoom del browser 400%;/chi-siamo;pages.css;Leggere la pagina al 400%;Nessuno scorrimento orizzontale;OK;;piano PR 19;
QA-166;Impostazioni;alta;iPhone recente (Safari 18+);testo di sistema 200%;/81;Scene;Alzare il testo di sistema al 200% e riaprire la scena;Il testo cresce davvero e resta dentro la scena, senza finire sotto la barra;;;regola 23;
QA-167;Impostazioni;alta;iPhone recente (Safari 18+);testo di sistema 200%;/;Timeline;Guardare la barra con il testo al 200%;Le date restano leggibili e la barra non copre la nota della scena;;;regola 23;
QA-168;Impostazioni;alta;Desktop Chrome (Windows);carattere di base a 24 px;/81;Scene;Alzare il carattere predefinito del browser e ricaricare;Il titolo e la descrizione crescono con esso: le misure sono in rem;OK;;regola 23;
QA-169;Impostazioni;media;Desktop Chrome (Windows);carattere di base a 24 px;/contatti;pages.css;Rileggere le righe di contatto;Crescono e non si sovrappongono;OK;;regola 23;
QA-170;Impostazioni;alta;Desktop Chrome (Windows);prefers-reduced-motion;/;Programme;Attivare la riduzione del movimento e scorrere;"Nessuna animazione di scorrimento; i salti sono immediati";No;Scorrimento normale;regola 15;Quello che hai visto è l’esito atteso: il progetto non anima nessuno scorrimento per costruzione (regola 15), quindi sotto prefers-reduced-motion non cambia niente ed è giusto così. La riga andrebbe letta come OK.
QA-171;Impostazioni;alta;Desktop Chrome (Windows);prefers-reduced-motion;/;Timeline;Cliccare una tacca lontana;Il salto è immediato, nessuna transizione lunga sulle tacche;OK;;regola 15;
QA-172;Impostazioni;media;Desktop Chrome (Windows);prefers-reduced-motion;/componenti;Button;Premere un bottone;L’effetto premuto non anima più del dovuto;OK;;PR 6;
QA-173;Impostazioni;media;Desktop Chrome (Windows);prefers-reduced-motion;/;Programme;Guardare lo snap fra due serate;Lo snap resta ma non è un’animazione lunga;NO;Non funziona lo snap;regola 1;L’esito atteso scritto in questa riga era sbagliato, e la tua osservazione è giusta: il CSS pubblicato contiene [data-scroller] { scroll-snap-type: none !important } dentro @media (prefers-reduced-motion), quindi lo snap viene tolto apposta. Resta da decidere se è la scelta voluta, ma non è un guasto.
QA-174;Impostazioni;alta;Desktop Chrome (Windows);JavaScript disattivato;/;Programme;Aprire / con gli script spenti;Si apre sulla serata più vecchia e si scorre normalmente: niente è rotto;NO;Si apre sulla prima serata;Programme.astro;Anche qui l’esito atteso è proprio quello che hai visto: senza script il programma si apre sulla serata più vecchia e si scorre normalmente. È la degradazione dichiarata in Programme.astro.
QA-175;Impostazioni;alta;Desktop Chrome (Windows);JavaScript disattivato;/81;Scene;Guardare i bottoni della serata;Al posto del bottone del modale c’è il link diretto: nessun bottone morto;OK;;checkNoJsSwitch;
QA-176;Impostazioni;alta;Desktop Chrome (Windows);JavaScript disattivato;/78;Scene;Guardare i materiali della serata passata;La lista dei link è visibile e cliccabile;OK;;PR 12;
QA-177;Impostazioni;alta;Desktop Chrome (Windows);JavaScript disattivato;/;Timeline;Cliccare una tacca;Il browser salta alla serata da solo;OK;Si, ma non aggiorna la tacca;regola 14;
QA-178;Impostazioni;media;Desktop Chrome (Windows);JavaScript disattivato;/81;Programme;Aprire /81 con gli script spenti;Si apre in cima: è la degradazione dichiarata, e va giudicato se è accettabile;OK;Non e' accettabile;piano PR 19;
QA-179;Impostazioni;media;Desktop Chrome (Windows);JavaScript disattivato;/;SiteNav;Aprire la tendina del telefono;Si apre: è un <details>, non serve uno script;OK;;regola 18;
QA-180;Impostazioni;alta;Desktop Chrome (Windows);alto contrasto Windows;/;Scene;Attivare l’alto contrasto e guardare una scena;Il testo resta leggibile e nessun blocco diventa invisibile;OK;;piano PR 19;
QA-181;Impostazioni;alta;Desktop Chrome (Windows);alto contrasto Windows;/;Timeline;Guardare la rotaia in alto contrasto;La tacca corrente si distingue dalle altre senza affidarsi al colore d’accento;OK;;piano PR 19;
QA-182;Impostazioni;alta;Desktop Chrome (Windows);alto contrasto Windows;/81;Modal;Aprire il modale in alto contrasto;Il pannello ha un bordo visibile e si distingue dal fondo;OK;;piano PR 19;
QA-183;Impostazioni;media;Desktop Chrome (Windows);alto contrasto Windows;/componenti;Button;Guardare le varianti del bottone;Primario e secondario restano distinguibili;OK;;piano PR 19;
QA-184;Impostazioni;media;Desktop Chrome (Windows);alto contrasto Windows;/;GuestRow;Guardare un ritratto ritagliato;La foto resta visibile e il ritaglio non produce un buco;OK;;regola 13;
QA-185;Impostazioni;media;Desktop Chrome (Windows);traduzione automatica di Chrome;/81;Scene;Far tradurre la pagina in inglese;La scena resta impaginata e leggibile;OK;;piano PR 19;
QA-186;Impostazioni;alta;Desktop Chrome (Windows);traduzione automatica di Chrome;/81;Modal;Tradurre e poi aprire il modale;Il pannello si riempie lo stesso: la clonazione non si rompe sui nodi riscritti;OK;;piano PR 19;
QA-187;Impostazioni;media;Desktop Chrome (Windows);traduzione automatica di Chrome;/;Timeline;Tradurre e guardare le date delle tacche;Le date restano leggibili e non diventano una data macchina;OK;;regola 11;
QA-188;Impostazioni;media;iPhone recente (Safari 18+);risparmio dati;/;Scene;Aprire il sito con il risparmio dati attivo;Le fotografie arrivano, o lasciano uno spazio pulito che non sposta lo snap;;;Scene.astro;
QA-189;Accessibilità;alta;Desktop Chrome (Windows);sola tastiera;/;Base;Premere Tab una volta dall’apertura;Compare «Salta al programma», visibile e leggibile;OK;E' ancora necessario? Non penso;PR 5;
QA-190;Accessibilità;alta;Desktop Chrome (Windows);sola tastiera;/;Base;Premere Invio sul salta-a;Il fuoco si sposta sul programma, non solo lo scorrimento;OK;;PR 5;
QA-191;Accessibilità;alta;Desktop Chrome (Windows);sola tastiera;/;SiteNav;Tabulare attraverso le voci di navigazione;"Ogni voce prende il fuoco con un contorno visibile; «Rassegna stampa» viene saltata";OK;;regola 18;
QA-192;Accessibilità;alta;Desktop Chrome (Windows);sola tastiera;/;Programme;Premere Freccia giù sullo scroller;Passa alla serata successiva, una sola;OK, solo dopo che premo qualcosa;;vincoli-tecnici;
QA-193;Accessibilità;alta;Desktop Chrome (Windows);sola tastiera;/;Programme;Premere Fine e poi Home;Fine va all’ultima serata, Home riporta alla prima;OK, solo dopo che premo qualcosa;;vincoli-tecnici;
QA-194;Accessibilità;media;Desktop Chrome (Windows);sola tastiera;/;Programme;Premere Maiusc+Freccia giù;Non viene intercettato: è la selezione, e resta al browser;OK;;Programme.astro;
QA-195;Accessibilità;alta;Desktop Chrome (Windows);sola tastiera;/;Timeline;Tabulare fino a una tacca;Il contorno di messa a fuoco si vede per intero, anche sulla pillola piena;OK;;Timeline.astro;
QA-196;Accessibilità;alta;Desktop Chrome (Windows);sola tastiera;/81;Modal;Aprire il modale con Invio e tabulare dentro;Il fuoco entra nel pannello e non ne esce finché è aperto;OK;;PR 12;
QA-197;Accessibilità;alta;Desktop Chrome (Windows);sola tastiera;/81;Modal;Chiudere con Esc;Si chiude e il fuoco torna sul bottone che lo ha aperto;OK;;PR 12;
QA-198;Accessibilità;media;Desktop Chrome (Windows);sola tastiera;/;SiteNav;Aprire la tendina con Invio;Si apre e le voci dentro prendono il fuoco in ordine;OK;;regola 18;
QA-199;Accessibilità;alta;Desktop Firefox (Windows);sola tastiera;/;Base;Premere Tab una volta dall’apertura;Compare «Salta al programma», visibile e leggibile;;;PR 5;NON MISURABILE in automazione: document.hasFocus() è false perché la finestra non è in primo piano, quindi :focus non fa match e il salta-a resta a translateY(-45px). Da fare a mano
QA-200;Accessibilità;alta;Desktop Firefox (Windows);sola tastiera;/;Base;Premere Invio sul salta-a;Il fuoco si sposta sul programma, non solo lo scorrimento;OK;;PR 5;"Dopo Invio sul salta-a il fuoco è su <main id=""programma"" tabindex=""-1"">: si sposta il fuoco e non solo lo scorrimento. Si misura anche senza il fuoco di sistema, perché document.activeElement non dipende da esso"
QA-201;Accessibilità;alta;Desktop Firefox (Windows);sola tastiera;/;SiteNav;Tabulare attraverso le voci di navigazione;"Ogni voce prende il fuoco con un contorno visibile; «Rassegna stampa» viene saltata";;;regola 18;NON MISURABILE per la stessa ragione di QA-199: nessuno stile :focus-visible si applica. Quello che si è potuto verificare è che «Rassegna stampa» viene saltata dal Tab, come deve
QA-202;Accessibilità;alta;Desktop Firefox (Windows);sola tastiera;/;Programme;Premere Freccia giù sullo scroller;Passa alla serata successiva, una sola;OK;;vincoli-tecnici;Dalla 81 la freccia giù porta alla 82, una sola
QA-203;Accessibilità;alta;Desktop Firefox (Windows);sola tastiera;/;Programme;Premere Fine e poi Home;Fine va all’ultima serata, Home riporta alla prima;OK;;vincoli-tecnici;Fine porta alla 83 (ultima), Home alla 78 (prima)
QA-204;Accessibilità;media;Desktop Firefox (Windows);sola tastiera;/;Programme;Premere Maiusc+Freccia giù;Non viene intercettato: è la selezione, e resta al browser;OK;;Programme.astro;Maiusc+Freccia giù non viene intercettato: la scena resta la 81
QA-205;Accessibilità;alta;Desktop Firefox (Windows);sola tastiera;/;Timeline;Tabulare fino a una tacca;Il contorno di messa a fuoco si vede per intero, anche sulla pillola piena;;;Timeline.astro;NON MISURABILE per la stessa ragione di QA-199. Il CSS pubblicato dichiara .timeline-tick:focus-visible con outline 3px e offset di uno spazio, e la geometria dice che l’anello sta dentro la rotaia: resta da vederlo
QA-206;Accessibilità;alta;Desktop Firefox (Windows);sola tastiera;/81;Modal;Aprire il modale con Invio e tabulare dentro;Il fuoco entra nel pannello e non ne esce finché è aperto;;;PR 12;NON MISURABILE: senza il fuoco di sistema il Tab attraversa il modale invece di restarci. Il modale però si apre e si chiude, e il fuoco torna al bottone (QA-207)
QA-207;Accessibilità;alta;Desktop Firefox (Windows);sola tastiera;/81;Modal;Chiudere con Esc;Si chiude e il fuoco torna sul bottone che lo ha aperto;OK;;PR 12;Esc chiude e il fuoco torna sul bottone che ha aperto il modale
QA-208;Accessibilità;media;Desktop Firefox (Windows);sola tastiera;/;SiteNav;Aprire la tendina con Invio;Si apre e le voci dentro prendono il fuoco in ordine;OK;;regola 18;Il click sulla linguetta apre la tendina (tre voci con indirizzo su quattro) e le voci prendono il fuoco nell’ordine: Programma, Chi siamo, Contatti
QA-209;Accessibilità;alta;Desktop Safari (macOS);sola tastiera;/;Base;Premere Tab una volta dall’apertura;Compare «Salta al programma», visibile e leggibile;;;PR 5;
QA-210;Accessibilità;alta;Desktop Safari (macOS);sola tastiera;/;Base;Premere Invio sul salta-a;Il fuoco si sposta sul programma, non solo lo scorrimento;;;PR 5;
QA-211;Accessibilità;alta;Desktop Safari (macOS);sola tastiera;/;SiteNav;Tabulare attraverso le voci di navigazione;"Ogni voce prende il fuoco con un contorno visibile; «Rassegna stampa» viene saltata";;;regola 18;
QA-212;Accessibilità;alta;Desktop Safari (macOS);sola tastiera;/;Programme;Premere Freccia giù sullo scroller;Passa alla serata successiva, una sola;;;vincoli-tecnici;
QA-213;Accessibilità;alta;Desktop Safari (macOS);sola tastiera;/;Programme;Premere Fine e poi Home;Fine va all’ultima serata, Home riporta alla prima;;;vincoli-tecnici;
QA-214;Accessibilità;media;Desktop Safari (macOS);sola tastiera;/;Programme;Premere Maiusc+Freccia giù;Non viene intercettato: è la selezione, e resta al browser;;;Programme.astro;
QA-215;Accessibilità;alta;Desktop Safari (macOS);sola tastiera;/;Timeline;Tabulare fino a una tacca;Il contorno di messa a fuoco si vede per intero, anche sulla pillola piena;;;Timeline.astro;
QA-216;Accessibilità;alta;Desktop Safari (macOS);sola tastiera;/81;Modal;Aprire il modale con Invio e tabulare dentro;Il fuoco entra nel pannello e non ne esce finché è aperto;;;PR 12;
QA-217;Accessibilità;alta;Desktop Safari (macOS);sola tastiera;/81;Modal;Chiudere con Esc;Si chiude e il fuoco torna sul bottone che lo ha aperto;;;PR 12;
QA-218;Accessibilità;media;Desktop Safari (macOS);sola tastiera;/;SiteNav;Aprire la tendina con Invio;Si apre e le voci dentro prendono il fuoco in ordine;;;regola 18;
QA-219;Accessibilità;alta;iPhone recente (Safari 18+);VoiceOver;/;Timeline;Scorrere fino a una tacca con VoiceOver;"Annunciata come link, con la data e il titolo della serata; la corrente è annunciata come corrente";;;regola 14;
QA-220;Accessibilità;alta;iPhone recente (Safari 18+);VoiceOver;/81;Scene;Percorrere la scena con VoiceOver;"Titolo, stato, data, sede e nota si sentono in ordine; la foto non viene annunciata";;;Scene.astro;
QA-221;Accessibilità;alta;iPhone recente (Safari 18+);VoiceOver;/80;Scene;Ascoltare la serata annullata;Si sente che è annullata: la barratura non si annuncia, e infatti c’è la parola;;;PR 3;
QA-222;Accessibilità;alta;iPhone recente (Safari 18+);VoiceOver;/81;Modal;Aprire il modale con VoiceOver;Il pannello ha un nome, il fuoco ci atterra dentro e il resto della pagina è inerte;;;PR 12;
QA-223;Accessibilità;alta;iPhone recente (Safari 18+);VoiceOver;/;SiteNav;Aprire la tendina con VoiceOver;Si annuncia espansa o compressa;;;regola 18;
QA-224;Accessibilità;media;iPhone recente (Safari 18+);VoiceOver;/;Base;Chiedere l’elenco dei landmark;Navigazione, contenuto principale e rotaia sono nominati e distinti;;;PR 5;
QA-225;Accessibilità;media;iPhone recente (Safari 18+);VoiceOver;/78;Scene;Ascoltare un link ai materiali;Si sente che si apre in una nuova scheda;;;Scene.astro;
QA-226;Accessibilità;alta;Desktop Chrome (Windows);NVDA;/;Base;Chiedere l’elenco delle intestazioni;Un solo H1 per rotta e un H2 per serata, in ordine;;;PR 5;Da guardare con NVDA: nell’elenco delle intestazioni compare un H2 vuoto, che è il titolo del modale — resta senza testo finché il modale non viene aperto.
QA-227;Accessibilità;alta;Desktop Chrome (Windows);NVDA;/;Timeline;Percorrere le tacche con NVDA;"Ogni tacca è un link con data e titolo; la corrente è annunciata come corrente";;;regola 14;
QA-228;Accessibilità;alta;Desktop Chrome (Windows);NVDA;/81;Modal;Aprire e chiudere il modale con NVDA;Nome annunciato, fuoco dentro, resto inerte, ritorno al bottone;;;PR 12;
QA-229;Accessibilità;media;Desktop Chrome (Windows);NVDA;/chi-siamo;pages.css;Percorrere le sezioni della pagina;Ogni sezione è nominata dalla sua intestazione;;;PR 13;
QA-230;Accessibilità;media;Desktop Chrome (Windows);NVDA;/contatti;pages.css;Ascoltare la riga del numero WhatsApp;Il numero si sente in modo comprensibile;;;regola 17;
QA-231;Accessibilità;media;Desktop Chrome (Windows);NVDA;/componenti;Rassegna;Percorrere la pagina dei componenti;Ogni componente ha un nome accessibile, nessuno è muto;;;PR 6;
QA-232;Accessibilità;alta;Desktop Chrome (Windows);misura del contrasto;/81;Scene;Misurare il contrasto della nota sotto i bottoni;Almeno 4,5:1 — è text-secondary, atteso 5,6:1;OK;;PR 18;
QA-233;Accessibilità;alta;Desktop Chrome (Windows);misura del contrasto;/chi-siamo;pages.css;Misurare il contrasto delle etichette di sezione;Almeno 4,5:1: qui text-muted misura 3,3:1 e va deciso caso per caso;OK;;piano PR 19;Misurato componendo i colori reali: 3,50:1 su testo di 13 px, sotto il 4,5 che serve. Malgrado l’OK segnato, questa è da rivedere.
QA-234;Accessibilità;alta;Desktop Chrome (Windows);misura del contrasto;/chi-siamo;pages.css;Misurare il contrasto della cifra di una statistica;Almeno 4,5:1;OK;;piano PR 19;Misurato 12,14:1: la cifra usa text-primary e non text-muted. Il sospetto scritto nel piano era mal riposto, e l’OK è confermato dai numeri.
QA-235;Accessibilità;alta;Desktop Chrome (Windows);misura del contrasto;/;SiteNav;Misurare il contrasto della voce «Rassegna stampa»;È un controllo inattivo: verificare se la soglia si applica e decidere;OK;;piano PR 19;Misurato 3,83:1. È un controllo inattivo, che WCAG esclude dalla soglia, quindi l’OK regge. Da notare che la nota «in arrivo» accanto alla voce ha lo stesso colore a 11 px.
QA-236;Accessibilità;media;Desktop Chrome (Windows);misura del contrasto;/78;Scene;Misurare il contrasto della freccia di una riga di materiali;È un’icona: soglia 3:1;OK;;piano PR 19;Misurato 3,88:1: sopra il 3:1 che serve a un’icona. OK confermato.
QA-237;Accessibilità;alta;Desktop Chrome (Windows);misura del contrasto;/;Timeline;Misurare il contrasto della data di una tacca lontana;Almeno 3:1 — è tick-far, atteso 3,50:1 — e leggibile a schermo;OK;;Timeline.astro;Misurato 3,50:1 a 11 px: conforme al 3:1 che il progetto dichiara per tick-far, sotto il 4,5 che vorrebbe una parola. È la decisione scritta in Timeline.astro, non una svista.
QA-238;Accessibilità;alta;Desktop Chrome (Windows);misura del contrasto;/81;Scene;Misurare il contrasto del testo che sta sopra la fotografia;Il contrasto è quello della foto e non quello del token: almeno 4,5:1;OK;;piano PR 19;Da guardare a occhio: la cornice della foto arriva a 1211 px su una finestra di 1280, quindi passa sotto la rotaia della Timeline, che comincia a 1132. Le date delle tacche cadono sopra la fotografia, ed è esattamente il caso che questa riga descrive.
QA-239;Accessibilità;alta;Desktop Chrome (Windows);messa a fuoco visibile;/82;Timeline;Mettere a fuoco una tacca su una serata del ciclo 3 (verde);L’anello di messa a fuoco si vede sul verde;OK;;piano PR 19;
QA-240;Accessibilità;alta;Desktop Chrome (Windows);messa a fuoco visibile;/83;Timeline;Mettere a fuoco una tacca su una serata del ciclo 6 (turchese);L’anello di messa a fuoco si vede sul turchese;OK;;piano PR 19;
QA-241;Accessibilità;alta;Desktop Chrome (Windows);messa a fuoco visibile;/78;Timeline;Mettere a fuoco una tacca su una serata del ciclo 2 (oro);L’anello di messa a fuoco si vede sull’oro;OK;;piano PR 19;
QA-242;Accessibilità;media;Desktop Chrome (Windows);messa a fuoco visibile;/componenti;Button;Mettere a fuoco un bottone su superficie sollevata;L’anello si vede su entrambe le superfici del sito;OK;;piano PR 19;
QA-243;Accessibilità;alta;iPhone recente (Safari 18+);bersagli tattili;/;Timeline;Misurare una pillola della barra;Almeno 44x44 px;No;La pillola misura 81x36 px: alta 36 e non 44. Il token --timeline-tick-height vale 36 px, mentre --tap-target, che il sito usa per la linguetta della tendina, vale 44 px;PR 18;
QA-244;Accessibilità;alta;iPhone recente (Safari 18+);bersagli tattili;/;SiteNav;Misurare la linguetta della tendina;Almeno 44x44 px;OK;;regola 18;
QA-245;Accessibilità;media;iPhone recente (Safari 18+);bersagli tattili;/81;Modal;Misurare la X di chiusura;Almeno 44x44 px;OK;;Modal.astro;
QA-246;Leggibilità;alta;Desktop Chrome (Windows);lettura;/;Scene;Rileggere ogni stringa visibile cercando accenti e apostrofi;Accenti e caratteri speciali scritti per intero: «perché», mai «perche’»;OK;;CLAUDE.md, lingua;
QA-247;Leggibilità;alta;Desktop Chrome (Windows);lettura;/chi-siamo;pages.css;Rileggere ogni stringa visibile cercando accenti e apostrofi;Accenti e caratteri speciali scritti per intero: «perché», mai «perche’»;OK;;CLAUDE.md, lingua;
QA-248;Leggibilità;alta;Desktop Chrome (Windows);lettura;/contatti;pages.css;Rileggere ogni stringa visibile cercando accenti e apostrofi;Accenti e caratteri speciali scritti per intero: «perché», mai «perche’»;OK;;CLAUDE.md, lingua;
QA-249;Leggibilità;alta;Desktop Chrome (Windows);lettura;/404;pages.css;Rileggere ogni stringa visibile cercando accenti e apostrofi;Accenti e caratteri speciali scritti per intero: «perché», mai «perche’»;OK;;CLAUDE.md, lingua;
QA-250;Leggibilità;alta;Desktop Chrome (Windows);lettura;/componenti;Rassegna;Rileggere ogni stringa visibile cercando accenti e apostrofi;Accenti e caratteri speciali scritti per intero: «perché», mai «perche’»;OK;;CLAUDE.md, lingua;
QA-251;Leggibilità;alta;Desktop Chrome (Windows);lettura;/;SiteNav;Rileggere le quattro voci e la nota di «Rassegna stampa»;Accenti per intero;OK;;CLAUDE.md, lingua;
QA-252;Leggibilità;alta;Desktop Chrome (Windows);lettura;/81;Scene;Leggere la data lunga della serata;Forma «gio 24 set 26, ore 21», con l’anno e senza minuti quando sono zero;OK;;PR 3;
QA-253;Leggibilità;alta;Desktop Chrome (Windows);lettura;/;Timeline;Leggere le date brevi sulle tacche;Forma «24 set 26», con l’anno;OK;;PR 3;
QA-254;Leggibilità;alta;Desktop Chrome (Windows);lettura;/83;Scene;Leggere la data di una serata di novembre;Ora solare: l’ora pubblicata è quella italiana e non quella UTC;OK;;regola 11;
QA-255;Leggibilità;media;Desktop Chrome (Windows);lettura;/78;Scene;Leggere la nota di una serata passata;«Puntata registrata in sala»;OK;;PR 3;
QA-256;Leggibilità;media;Desktop Chrome (Windows);lettura;/80;Scene;Leggere la nota della serata annullata;«Serata annullata»;OK;;PR 3;
QA-257;Leggibilità;alta;Desktop Chrome (Windows);contenuto fabbricato;/;Scene;Mettere in una serata un titolo di novanta caratteri e ricaricare;Il titolo si compone su più righe senza uscire dalla scena;No;Con un titolo di 88 caratteri, a 1280x800 il titolo prende cinque righe (278 px) e la nota e i bottoni escono di 88 px sotto il bordo della scena;piano PR 19;La causa è la stessa di QA-150: sopra i 900 px di larghezza .scene-text non ha overflow: hidden e nessuna soglia toglie la descrizione, quindi quello che non ci sta esce invece di essere ritagliato. Le due righe si risolvono insieme.
QA-258;Leggibilità;alta;iPhone recente (Safari 18+);contenuto fabbricato;/;Scene;Guardare lo stesso titolo di novanta caratteri sul telefono;Non copre la foto né esce dalla scena;;;piano PR 19;Misurato in emulazione a 375x812, quindi da confermare su un iPhone vero: con lo stesso titolo il testo della scena viene ritagliato di 111 px, e il titolo occupa quattro righe a 22 px. Sul telefono non esce — viene tagliato, che è la scelta della PR 18 — ma quello che sparisce sono la nota e i bottoni.
QA-259;Leggibilità;alta;Desktop Chrome (Windows);contenuto fabbricato;/;Label;Dare a un ciclo un nome lungo e ricaricare;L’etichetta del ciclo non spinge fuori il resto dell’intestazione;OK, ma;Con un nome di ciclo di 57 caratteri l’etichetta occupa da sola tutta la larghezza della colonna e l’intestazione passa a due righe (da 38 a 70 px). Non spinge fuori niente da sola, ma si somma al titolo lungo di QA-257;piano PR 19;
QA-260;Leggibilità;media;Desktop Chrome (Windows);contenuto fabbricato;/;GuestRow;Dare a un relatore un ruolo lungo;Il ruolo va a capo e non schiaccia il nome;OK;Ruolo di 98 caratteri: va a capo su due righe, la riga dell’ospite cresce da 48 a 61 px, il nome resta leggibile e non viene schiacciato;piano PR 19;
QA-261;Leggibilità;alta;Desktop Chrome (Windows);contenuto fabbricato;/;Scene;Togliere la fotografia a una serata;Il testo prende tutto lo spazio, senza un quarto di schermo vuoto;No;Sul telefono è giusto — la riga della griglia va a 0 px e il testo prende tutto — ma a 1280x800 la colonna della fotografia resta riservata: 420 px di colonna vuota accanto al testo;Scene.astro;Il commento in Scene.astro spiega la riga della griglia sul telefono, e lì funziona: la fascia della foto va a zero. La colonna del desktop non ha la stessa cura, e la serata senza fotografia è il caso normale dell’archivio storico, non un’eccezione.
QA-262;Leggibilità;media;Desktop Chrome (Windows);contenuto fabbricato;/;Scene;Togliere i relatori a una serata;La scena resta composta, senza un vuoto al posto della fila;OK;Serata senza relatori: nessun vuoto al posto della fila, niente esce dalla scena, né a 1280x800 né a 375x812;Scene.astro;
QA-263;Leggibilità;media;Desktop Chrome (Windows);contenuto fabbricato;/;Timeline;Guardare la rotaia con la serata più vecchia a schermo;La finestra di tacche si ferma al bordo dell’elenco senza sbilanciarsi;OK;Sulla serata più vecchia la striscia di tacche resta centrata (sbilanciamento 0 px) e la corrente è la prima. Con cinque serate però il caso limite è debole: andrà rifatto con l’archivio pieno;PR 11;
QA-264;Leggibilità;media;Desktop Chrome (Windows);lettura;/chi-siamo;pages.css;Misurare la lunghezza di riga della prosa;Sotto i 75 caratteri;OK;;piano PR 19;
QA-265;Leggibilità;media;Desktop Chrome (Windows);lettura;/chi-siamo;pages.css;Cercare vedove e orfane nei titoli di sezione;Nessuna parola sola su una riga;OK;;piano PR 19;
QA-266;Leggibilità;media;Desktop Chrome (Windows);lettura;/chi-siamo;Placeholder;Guardare i blocchi segnaposto;Sono riconoscibili come segnaposto e nessuno sembra un contenuto vero;OK;;regola 20;
QA-267;Branding;alta;Desktop Chrome (Windows);1280x800;/;Brand;Guardare il marchio nella navigazione;La firma «in Periferia» si legge a schermo, non solo nel DOM;OK;;regola 7;
QA-268;Branding;alta;Desktop Chrome (Windows);320 px di larghezza;/;Brand;Guardare il marchio alla larghezza minima;La firma non viene tagliata: si riduce l’altezza, non si taglia;OK;;regola 7;
QA-269;Branding;media;Desktop Chrome (Windows);1280x800;/componenti;SignatureBand;Guardare la banda della firma;Porta la firma intera in maiuscolo;OK;;PR 6;
QA-270;Branding;media;Desktop Chrome (Windows);ultrawide (>=2560);/;Brand;Guardare il marchio su schermo largo;Proporzioni corrette, nessuna sgranatura;OK;;regola 7;
QA-271;Branding;alta;Desktop Chrome (Windows);1280x800;/78;CycleAccents;Guardare l’accento oro del ciclo 2 sopra la fotografia;Non si confonde con il fondo né con la foto;OK;;regola 12;
QA-272;Branding;alta;Desktop Chrome (Windows);1280x800;/81;CycleAccents;Guardare l’accento verde del ciclo 3;Non prevale e non si confonde;OK;;regola 12;
QA-273;Branding;alta;Desktop Chrome (Windows);1280x800;/83;CycleAccents;Guardare l’accento turchese del ciclo 6;Non prevale e non si confonde;OK;;regola 12;
QA-274;Branding;media;Desktop Chrome (Windows);1280x800;/componenti;CycleAccents;Guardare i sei accenti uno accanto all’altro;Nessuno prevale sugli altri;OK;;regola 12;
QA-275;Branding;alta;Desktop Chrome (Windows);1280x800;/;fonts.css;Guardare un titolo in Archivo Black;Nessun grassetto sintetico: il peso è quello del carattere;OK;;regola 6;
QA-276;Branding;alta;Desktop Chrome (Windows);3G lenta;/;fonts.css;Aprire il sito su rete lenta e guardare il titolo;Lo scambio da Arial ad Archivo Black si vede: giudicare quanto dura e se è accettabile;OK;Accettabile;piano PR 19;
QA-277;Branding;alta;Desktop Chrome (Windows);1280x800;/;GuestRow;Guardare il ritaglio a fiore davanti a un ritratto vero;La forma valorizza il volto e non lo taglia male: è la questione lasciata aperta dalla PR 6;OK;;regola 13;
QA-278;Branding;media;Desktop Chrome (Windows);1280x800;/componenti;ClipShapes;Guardare le cinque forme di ritaglio applicate a una foto;Nessuna forma pubblica un buco al posto della foto;OK;;regola 13;
QA-279;Branding;alta;Desktop Chrome (Windows);linguetta chiara;/;Base;Guardare la favicon su tema chiaro;Si legge;OK;;PR 2;
QA-280;Branding;alta;Desktop Chrome (Windows);linguetta scura;/;Base;Guardare la favicon su tema scuro;Si legge;OK;;PR 2;
QA-281;Branding;media;Desktop Chrome (Windows);segnalibri;/;Base;Mettere il sito nei segnalibri;L’icona e il titolo sono quelli giusti;Ok, ma;Il titolo non cambia con lo scrolling;PR 2;Confermato: document.title resta «Il programma — La Miniera Culturale in Periferia» anche quando l’indirizzo diventa /78. L’indirizzo segue la serata, il titolo no — e il segnalibro prende il titolo.
QA-282;Branding;alta;iPhone recente (Safari 18+);schermata Home;/;Base;Aggiungere il sito alla schermata Home di iOS;C’è un’icona vera e non una miniatura della pagina (apple-touch-icon);;;piano PR 19;
QA-283;Branding;alta;iPhone recente (Safari 18+);verticale;/;Base;Guardare il colore della barra del browser;Colorata come il sito (theme-color);;;piano PR 19;
QA-284;Branding;alta;Desktop Chrome (Windows);1280x800;/;colors.css;"Decidere la sorte di [data-theme=""paper""]";O è collegato a qualcosa o esce: una palette che non rende è una palette che nessuno ha mai guardato;Non ho capito;;piano PR 19;"[data-theme=""paper""] è dichiarato in colors.css e nessuna pagina lo imposta: è una palette scritta e mai resa. Va deciso se collegarla a qualcosa — la stampa è il candidato naturale — o toglierla."
QA-285;Componenti;media;Desktop Chrome (Windows);1280x800;/componenti;Button;Guardare le varianti primaria, secondaria e disabilitata;"Tre rese distinte; la disabilitata si annuncia come tale";OK;;PR 6;
QA-286;Componenti;media;Desktop Chrome (Windows);1280x800;/componenti;Button;Premere e tenere premuto un bottone;L’effetto premuto arriva con :active e torna al rilascio;OK;;PR 6;
QA-287;Componenti;media;Desktop Chrome (Windows);1280x800;/componenti;Label;Guardare i toni dell’etichetta;Ogni tono si legge sul fondo su cui sta;OK;;PR 6;
QA-288;Componenti;media;Desktop Chrome (Windows);1280x800;/componenti;Card;Guardare la scheda in tutte le varianti;Bordi, ombre e spaziature coerenti con il resto del sito;OK;;PR 6;
QA-289;Componenti;media;Desktop Chrome (Windows);1280x800;/componenti;Brand;Guardare il marchio alle altezze dichiarate;La firma resta leggibile a ogni altezza;OK;;PR 6;
QA-290;Componenti;media;Desktop Chrome (Windows);1280x800;/componenti;SignatureBand;Guardare la banda;La firma non si taglia ai bordi;OK;;PR 6;
QA-291;Componenti;media;Desktop Chrome (Windows);1280x800;/componenti;EpisodeBadge;Guardare il badge di puntata;Il numero è centrato e leggibile;OK;;PR 6;
QA-292;Componenti;media;Desktop Chrome (Windows);1280x800;/componenti;GuestRow;Guardare la riga di un ospite con e senza ritratto;Senza ritratto la riga non lascia un vuoto;Ok, ma;Hanno dimensioi diverse del testo;PR 6;Misurato: il nome dell’ospite è 20 px nella variante con ritratto e 34 px in quella senza. Sono due valori diversi di --guest-size, la custom property con cui il componente si tara: la rassegna li mostra senza etichettarli, e così sembrano un’incoerenza.
QA-293;Componenti;media;Desktop Chrome (Windows);1280x800;/componenti;EventCard;Guardare la scheda di un evento;Data, titolo e sede sono leggibili e nell’ordine giusto;OK;;PR 6;
QA-294;Componenti;media;Desktop Chrome (Windows);1280x800;/componenti;Placeholder;Guardare la cornice di un segnaposto;Si vede che è un segnaposto senza leggere il testo;Non ci sono;;PR 6;"Confermato: la rassegna ha nove sezioni — Button, Label, Card, Brand, SignatureBand, EpisodeBadge, GuestRow, Forme di ritaglio, EventCard — e nessuna è Placeholder; nella pagina non c’è nessun elemento [data-placeholder]. Il componente esiste ma non è in rassegna."
QA-295;Componenti;media;iPhone recente (Safari 18+);verticale;/componenti;Button;Guardare le varianti primaria, secondaria e disabilitata;"Tre rese distinte; la disabilitata si annuncia come tale";;;PR 6;
QA-296;Componenti;media;iPhone recente (Safari 18+);verticale;/componenti;Button;Premere e tenere premuto un bottone;L’effetto premuto arriva con :active e torna al rilascio;;;PR 6;
QA-297;Componenti;media;iPhone recente (Safari 18+);verticale;/componenti;Label;Guardare i toni dell’etichetta;Ogni tono si legge sul fondo su cui sta;;;PR 6;
QA-298;Componenti;media;iPhone recente (Safari 18+);verticale;/componenti;Card;Guardare la scheda in tutte le varianti;Bordi, ombre e spaziature coerenti con il resto del sito;;;PR 6;
QA-299;Componenti;media;iPhone recente (Safari 18+);verticale;/componenti;Brand;Guardare il marchio alle altezze dichiarate;La firma resta leggibile a ogni altezza;;;PR 6;
QA-300;Componenti;media;iPhone recente (Safari 18+);verticale;/componenti;SignatureBand;Guardare la banda;La firma non si taglia ai bordi;;;PR 6;
QA-301;Componenti;alta;iPhone recente (Safari 18+);verticale;/componenti;Button;Toccare un bottone e poi toccare altrove;Lo stato premuto non resta appiccicato: è l’hover appiccicoso di iOS;;;piano PR 19;
QA-302;Componenti;media;iPhone recente (Safari 18+);verticale;/componenti;GuestRow;Toccare una riga di ospite;Nessuno stato di hover che resta acceso;;;piano PR 19;
QA-303;Componenti;media;Desktop Chrome (Windows);320 px di larghezza;/componenti;EventCard;Guardare la scheda a 320 px;Non esce dal bordo;OK;;PR 6;
QA-304;Componenti;media;Desktop Chrome (Windows);finestra alta 500 px;/componenti;Card;Guardare la scheda in finestra bassa;Resta composta;OK;;PR 6;
QA-305;Movimento;alta;Desktop Chrome (Windows);1280x800;/;Timeline;Scorrere lentamente da una serata alla successiva;La finestra di tacche si sposta una volta sola, non lampeggia;OK;;PR 8;
QA-306;Movimento;alta;Desktop Chrome (Windows);1280x800;/;CycleAccents;Scorrere velocemente attraverso cinque serate;L’accento cambia una volta per serata, senza attraversare colori intermedi;OK;;PR 8;
QA-307;Movimento;alta;Desktop Chrome (Windows);1280x800;/;Scene;Scorrere velocemente e guardare le fotografie;Il caricamento pigro non lascia buchi che spostano le posizioni di snap;OK;;Scene.astro;
QA-308;Movimento;media;Desktop Chrome (Windows);1280x800;/;SiteNav;Aprire la tendina e scorrere il programma;La tendina resta aperta o si chiude, ma non copre nulla di illeggibile;OK;;regola 18;
QA-309;Movimento;media;iPhone recente (Safari 18+);verticale;/;Timeline;Scorrere il programma e guardare la barra;La pillola corrente viene portata in vista senza scatti;;;Programme.astro;
QA-310;Movimento;media;Desktop Chrome (Windows);1280x800;/;Programme;Tenere premuta la freccia giù per venti serate;Il programma continua a muoversi: nessun blocco al limite di scritture della cronologia;OK;;Programme.astro;
QA-311;Stampa;alta;Desktop Chrome (Windows);anteprima di stampa;/;Programme;Aprire l’anteprima di stampa del programma;Un foglio leggibile per la serata a schermo, non ottantuno pagine vuote;Out of scope;;piano PR 19;Confermato dal CSS pubblicato: non esiste nessun blocco @media print. Marcarlo fuori ambito è una scelta legittima, ma il piano della PR 19 lo chiede fra gli obiettivi.
QA-312;Stampa;alta;Desktop Chrome (Windows);anteprima di stampa;/81;Scene;Stampare la pagina di una serata;Titolo, data, sede e nota sono sul foglio;Out of scope;;piano PR 19;
QA-313;Stampa;alta;Desktop Chrome (Windows);anteprima di stampa;/chi-siamo;pages.css;Stampare la pagina istituzionale;Prosa leggibile, niente tagliato;Out of scope;;piano PR 19;
QA-314;Stampa;alta;Desktop Chrome (Windows);anteprima di stampa;/contatti;pages.css;Stampare la pagina dei contatti;Numero e indirizzo sono sul foglio;Out of scope;;piano PR 19;
QA-315;Stampa;media;Desktop Firefox (Windows);anteprima di stampa;/81;Scene;Stampare la stessa serata da Firefox;Stesso risultato di Chrome;;;piano PR 19;
QA-316;Stampa;media;Desktop Chrome (Windows);anteprima di stampa;/;Timeline;Guardare la rotaia nell’anteprima;Non viene stampata, oppure viene stampata come elenco utile;Out of scope;;piano PR 19;
QA-317;CMS;alta;Desktop Chrome (Windows);1280x800;/admin;Sveltia CMS;Entrare nel CMS;L’accesso funziona e si vedono le quattro collection;OK;;PR 14;
QA-318;CMS;alta;Desktop Chrome (Windows);1280x800;/admin;Sveltia CMS;Creare una serata nuova e salvarla;Il file arriva in src/content/eventi con il nome giusto: 84.md, non 084.md;OK;Il CMS ha scritto 84.md. La build è poi fallita, ma per la data che contraddice il numero, non per il nome del file;regola 21;
QA-319;CMS;alta;Desktop Chrome (Windows);1280x800;/admin;Sveltia CMS;Compilare il campo data e salvare;La data salvata porta lo scostamento del fuso di Roma;OK;;regola 21;
QA-320;CMS;alta;Desktop Chrome (Windows);1280x800;/admin;Sveltia CMS;Caricare una fotografia oltre il tetto dichiarato;Il CMS la rifiuta prima del commit;;;regola 21;
QA-321;CMS;alta;Desktop Chrome (Windows);1280x800;/admin;Sveltia CMS;Guardare la build partire dopo il salvataggio;"La build parte e finisce verde; cronometrare quanto ci mette";;;PR 17;
QA-322;CMS;media;Desktop Chrome (Windows);1280x800;/admin;Sveltia CMS;Rileggere le etichette dei campi;Tutte in italiano, con gli accenti per intero;;;CLAUDE.md, lingua;
QA-323;CMS;alta;iPhone recente (Safari 18+);verticale;/admin;Sveltia CMS;Creare una serata dal telefono;Si riesce a compilare e salvare: è così che verrà usato;OK;;piano PR 19;Provata da un Google Pixel: la serata 85 è stata compilata e salvata, il file è arrivato come 85.md con tutti i campi e i due relatori. La build però si è fermata, per la stessa ragione della 84 — vedi il difetto 1 del verbale.
QA-324;CMS;media;iPhone recente (Safari 18+);verticale;/admin;Sveltia CMS;Caricare una foto dal telefono;La foto arriva e resta sotto il tetto;OK;;regola 21;La foto è arrivata come src/assets/photos/1784367401311.webp, 97 kB in webp: la trasformazione dichiarata nel config.yml (webp, qualità 85, 1600 px sul lato lungo) ha fatto il suo lavoro prima del commit, che è la barriera che docs/contenuti.md chiede.
QA-325;CMS;media;Desktop Chrome (Windows);1280x800;/;Programme;Aprire il sito dopo la build della serata nuova;La serata nuova è al posto giusto nell’ordine;N.A.;Non verificabile: la build della serata 84 non è mai arrivata in produzione;regola 10;
QA-326;CMS;media;Desktop Chrome (Windows);1280x800;/admin;Sveltia CMS;Modificare il colore di un ciclo e salvare;Dopo la build l’accento di quel ciclo è cambiato su tutte le sue serate;;;regola 12;
QA-327;Prestazioni;alta;Android di 4 anni (Chrome);3G lenta;/;Programme;Aprire il sito su rete lenta e cronometrare;La prima serata è leggibile in un tempo accettabile: scrivere il numero;;;piano PR 19;
QA-328;Prestazioni;media;Android di 4 anni (Chrome);3G lenta;/;Scene;Guardare l’arrivo della prima fotografia;Arriva dopo il testo e non sposta niente quando arriva;;;Scene.astro;
QA-329;Prestazioni;media;Desktop Chrome (Windows);3G lenta;/;Base;Guardare quando compaiono i caratteri;Il testo è leggibile subito in Arial, poi passa ad Archivo Black;;;PR 2;
QA-330;Prestazioni;media;iPhone recente (Safari 18+);verticale;/;Programme;Cercare nella pagina una serata lontana;La ricerca del browser la trova: content-visibility non la nasconde;;;piano PR 19;
QA-331;Prestazioni;media;Desktop Chrome (Windows);1280x800;/;Programme;Cercare con Ctrl+F il titolo della serata 78 partendo da /;Il browser la trova e ci porta;;;piano PR 19;
QA-332;Prestazioni;media;Desktop Chrome (Windows);1280x800;/;Programme;Guardare il peso della pagina negli strumenti di rete;Annotare il peso: è la base su cui si giudicherà l’archivio pieno;OK;;piano PR 19;
QA-333;Eredità PR 18;alta;Desktop Chrome (Windows);1280x800;/;Timeline;Cliccare una tacca e poi premere il tasto indietro una volta;Il primo indietro fa qualcosa di visibile: oggi cambia solo l’indirizzo e la pagina non si muove;No;Il primo indietro cambia solo l’indirizzo, da /78#serata-78 a /78, e la pagina resta ferma sulla 78;regola 16;
QA-334;Eredità PR 18;alta;iPhone recente (Safari 18+);verticale;/;Timeline;Toccare una tacca e poi il gesto indietro;Stesso esito del desktop;;;regola 16;
QA-335;Eredità PR 18;media;Desktop Chrome (Windows);1280x800;/;Timeline;Cliccare una tacca con il tasto centrale del mouse;Si apre in una nuova scheda: il click di comando resta al browser;;;regola 14;
QA-336;Eredità PR 18;media;Desktop Chrome (Windows);1280x800;/;Timeline;Cliccare una tacca tenendo premuto Ctrl;Si apre in una nuova scheda e la pagina non si muove;OK;;regola 14;
QA-337;Eredità PR 18;alta;iPhone recente (Safari 18+);orizzontale;/81;Scene;Guardare la scena con altezza utile sotto i 400 px;Registrare che cosa si accavalla: è il caso che la PR 18 non ha tarato;;;piano PR 19;
QA-338;Eredità PR 18;alta;Desktop Chrome (Windows);misura del contrasto;/chi-siamo;pages.css;Elencare ogni uso rimasto di text-muted e misurarlo;Ogni uso è sopra 4,5:1 oppure giustificato per iscritto: icona, o controllo inattivo;No;Tre usi di text-muted sotto 4,5:1 su /chi-siamo: etichetta di sezione 3,50:1 a 13 px, etichetta di statistica 3,50:1 a 13 px, didascalia di figura 3,50:1 a 15 px. La cifra della statistica invece misura 12,14:1 e passa;piano PR 19;
